c_nationkey,avg(c_acctbal),avg(s_acctbal),sum(c_acctbal),sum(s_acctbal)
0,4495.0803444209405,4750.468926034023,74808300307.82318,79058543739.4479
1,4481.346229770319,5156.38425302895,78037804737.52196,89792862871.5059
2,4500.105140556691,4926.833827878095,83603605816.5076,91531433245.22429
3,4501.524677647128,4976.515498869425,84157817963.05815,93037962787.10994
4,4481.2530413974055,4955.129696178987,70660420363.0195,78132509824.99875
