c_nationkey,avg(c_acctbal),avg(s_acctbal),sum(c_acctbal),sum(s_acctbal)
0,4495.080344429765,4750.468925977643,74808300307.97005,79058543738.50961
1,4481.346229764664,5156.38425295355,78037804737.42348,89792862870.19287
2,4500.105140551925,4926.833827939439,83603605816.41904,91531433246.36395
