avg(c_acctbal),avg(s_acctbal),sum(c_acctbal),sum(s_acctbal)
4494.3236764425155,4973.468025456577,774449226875.0435,857014034701.5259
