avg(c_acctbal),avg(s_acctbal),sum(c_acctbal),sum(s_acctbal)
4492.310034751688,4947.015752712237,236449710862.1917,260382839855.3913
