avg(c_acctbal),avg(s_acctbal),sum(c_acctbal),sum(s_acctbal)
4497.757365960221,4989.735115505175,1946765980381.0308,2159708891256.3623
