avg(c_acctbal),avg(s_acctbal),sum(c_acctbal),sum(s_acctbal)
4495.73992550096,4972.706165200956,1551488138434.8042,1716090067281.0186
