avg(c_acctbal),avg(s_acctbal),sum(c_acctbal),sum(s_acctbal)
4492.286207905758,4954.816763270969,391267949188.0444,431553312466.11584
