a_relationship,sum(a_age),avg(a_age),sum(a_hours_per_week),avg(a_hours_per_week),sum(a_fnlwgt),avg(a_fnlwgt)
 Husband,6525906068,38.06352903769085,6555962065.010954,38.23883608364927,30599301009473.64,178475.9649266749
 Not-in-family,4333176553,38.61884592588846,4317817583.747628,38.48196120404919,20150606636054.234,179589.53748427244
 Other-relative,526037971,38.118884145145365,523699243.9509934,37.94941032321056,2528859631579.9062,183251.61419864392
 Own-child,2554039041,38.32942107581086,2547593726.2737694,38.232693822177694,12240698182821.414,183700.7451254833
 Unmarried,1772942497,38.10738073201258,1810926182.3741746,38.92379681014703,8326486145635.175,178968.3411889853
 Wife,783812494,39.3426841743338,750198088.7556741,37.65544272391163,3627397158349.4844,182073.57227431444
