a_relationship,sum(a_age),avg(a_age),sum(a_hours_per_week),avg(a_hours_per_week),sum(a_fnlwgt),avg(a_fnlwgt)
 Husband,13240743210,38.20931513785522,13374650525.546875,38.595736559813666,61883296425850.83,178578.97682955247
 Not-in-family,8467004983,38.72949714939496,8454708392.427742,38.67325048714878,39482369983952.33,180598.96490140507
 Other-relative,1010283445,38.12913519002079,1019642661.9244182,38.48236165250516,4749961764655.218,179268.43715821605
 Own-child,5165135714,38.429703673625404,5184123834.096572,38.57097930877525,24027888449927.586,178772.57910781077
 Unmarried,3578037024,38.321386662913824,3660550906.486896,39.20512441482328,16538994656328.754,177135.4530402533
 Wife,1629840601,39.29686076102944,1600191701.5784698,38.582000257756434,7497147884062.832,180762.693188586
