a_relationship,sum(a_age),avg(a_age),sum(a_hours_per_week),avg(a_hours_per_week),sum(a_fnlwgt),avg(a_fnlwgt)
 Husband,26812694307,38.43647830640888,27169455616.613907,38.94790204400622,124446893462550.9,178396.8543446429
 Not-in-family,16630930548,38.65636431244977,16771028592.252396,38.98200339935784,76810644205799.03,178536.025805868
 Other-relative,1970767377,38.64973342460271,1981234404.1226807,38.85500768109843,9018659314934.324,176869.56991348742
 Own-child,10301087793,38.68543873380773,10363359837.493187,38.91929960466713,47424962709526.42,178103.082530684
 Unmarried,7142036844,38.459847767962586,7253582486.430769,39.060520730140176,32858874471792.08,176944.94408459752
 Wife,3287326939,39.14073053223909,3279757943.803346,39.050609894137246,14926058136594.363,177717.8936788966
