a_relationship,sum(a_age),avg(a_age),sum(a_hours_per_week),avg(a_hours_per_week),sum(a_fnlwgt),avg(a_fnlwgt)
 Husband,20032022292,38.32898356426428,20276881503.35154,38.79749366028189,92919095792663.77,177790.06250734994
 Not-in-family,12634544088,38.666988488001344,12702499099.594364,38.87495924125685,58413598073535.5,178770.03780432214
 Other-relative,1461450359,38.33899996791639,1474353205.9556289,38.677487174116386,6747515557989.346,177011.143189482
 Own-child,7726954326,38.48853923623931,7793389105.540061,38.81945585760133,35876513233284.63,178703.60416036638
 Unmarried,5378493765,38.35214934436252,5492942798.7558,39.16824519325684,24835760098693.492,177095.07940386218
 Wife,2464505272,39.25333221373842,2434699191.709695,38.77859678309548,11247262860862.44,179140.43462945992
