a_relationship,sum(a_age),avg(a_age),sum(a_hours_per_week),avg(a_hours_per_week),sum(a_fnlwgt),avg(a_fnlwgt)
 Husband,46929842530,38.56897828661803,47660375175.04291,39.16936167180228,216907173446173.88,178263.71476761845
 Not-in-family,29427655756,38.63918026595251,29867795030.923462,39.217093128835785,134949769752072.89,177192.11219316977
 Other-relative,3554637920,38.6412576022189,3592996699.5284657,39.0582428238997,16157271192293.191,175640.1896174876
 Own-child,18117642566,38.593630100275035,18446163205.512917,39.293434392995806,83342047652340.7,177532.59824929104
 Unmarried,12196976172,38.480136482877924,12435614580.099361,39.23301476879282,56032370723034.63,176776.0502665665
 Wife,5634206967,38.74331671908478,5712850199.224184,39.28410261348306,25638106447512.945,176299.0397746252
