a_relationship,sum(a_age),avg(a_age),sum(a_hours_per_week),avg(a_hours_per_week),sum(a_fnlwgt),avg(a_fnlwgt)
 Husband,40234493553,38.575241492057,40745853183.153366,39.065512885593265,185809646254135.8,178146.9416625112
 Not-in-family,25057236048,38.68441983573611,25362882079.54674,39.15628909469313,115235868304629.97,177906.00292436138
 Other-relative,2984857376,38.61060449464692,3026501227.9530444,39.14928828916288,13647801095016.223,176541.0483389477
 Own-child,15481911368,38.62322297418052,15717125598.57793,39.21001949163697,71064485719488.25,177286.86156687618
 Unmarried,10488222771,38.539029685376256,10680585890.12344,39.24586897742182,48188338306015.89,177068.3023247257
 Wife,4909415875,38.82211759914755,4967464570.620836,39.28114843810031,22353714904737.688,176766.15118892203
