a_relationship,sum(a_age),avg(a_age),sum(a_hours_per_week),avg(a_hours_per_week),sum(a_fnlwgt),avg(a_fnlwgt)
 Husband,53802424169,38.531592792319685,54808810600.33299,39.25233489200711,248865123130358.0,178229.32205710097
 Not-in-family,33544248712,38.599991798598204,34178699741.43769,39.33006641565607,154006705962626.12,177218.38512841318
 Other-relative,4060810248,38.81713721811907,4104263314.3780823,39.232503496554955,18455046826467.953,176411.12026414965
 Own-child,20638029077,38.512686908031554,21099940140.295124,39.374660505106604,95318520679955.94,177874.17247003398
 Unmarried,13875222355,38.48307703644951,14199648221.429113,39.38287563361645,63681008829223.484,176619.95648312825
 Wife,6413739108,38.72480951316116,6530923696.728024,39.43234544500326,29279260788328.797,176782.0264625272
