a_relationship,sum(a_age),avg(a_age),sum(a_hours_per_week),avg(a_hours_per_week),sum(a_fnlwgt),avg(a_fnlwgt)
 Husband,60461946642,38.529026981230004,61720416346.80431,39.33097954651152,279230936987791.53,177938.30504496768
 Not-in-family,37619740975,38.57782246908794,38404703714.15347,39.382776262258275,172792625679398.7,177193.22527651742
 Other-relative,4550864823,38.781691908764515,4620828889.879092,39.37791372416014,20695907723908.9,176366.9870096809
 Own-child,23256763867,38.54524423460745,23792722457.71871,39.43353010692532,107170711587259.16,177622.35866311204
 Unmarried,15538477511,38.48699208252186,15902088986.164566,39.38761519414048,71340387027646.62,176701.79776322108
 Wife,7184353050,38.555768505840646,7373089882.05875,39.56864935325152,32927197145067.773,176708.10187584115
