a_relationship,sum(a_age),avg(a_age),sum(a_hours_per_week),avg(a_hours_per_week),sum(a_fnlwgt),avg(a_fnlwgt)
 Husband,33541651921,38.493388796873994,33961195832.002964,38.97486976035293,155327647263690.47,178258.58819080726
 Not-in-family,20860465829,38.63652909049806,21071374467.15923,39.027161677539716,96335356662928.34,178426.68714407916
 Other-relative,2487694746,38.42536079168428,2541266516.2112226,39.25283956572814,11413507351526.234,176294.99703937405
 Own-child,12910045829,38.72193296767701,13015678898.420887,39.038765044608716,58976046201519.37,176890.65848116713
 Unmarried,8827443379,38.529009920479496,8966637515.190975,39.13654848220315,40576661007525.484,177104.3446416291
 Wife,4109412105,38.985995081009165,4138158720.141132,39.258714235927755,18686629786533.086,177280.06788416716
