prot_category,avg(l4_ul_throughput),avg(l4_dw_throughput),avg(l4_ul_packets),avg(l4_dw_packets),sum(l4_ul_throughput),sum(l4_dw_throughput),sum(l4_ul_packets),sum(l4_dw_packets)
2,14152.456705450091,14152.456705450091,250.3282914880588,236.63557868952847,30275359958,30275359958,535509791,506217929
4,234394.40758151436,39522.26852246733,251.3999922459582,40044.82632252311,8125467779184,1370070739968,8714979840,1388212530096
6,28428.8904921207,28429.11921899918,662.2746433343391,423.14968519261436,2023587415728,2023603696660,47141151512,30120077256
9,19094.28085106383,19368.068085106384,116423.30212765957,116432.98723404255,502561472,509767552,3064261312,3064516224
17,20991.12017011045,20996.253476928385,273.92995558026894,142.24547725789574,1337268152236,1337595176600,17451084200,9061943574
