avg(l4_ul_throughput),avg(l4_dw_throughput),avg(l4_ul_packets),avg(l4_dw_packets),sum(l4_ul_throughput),sum(l4_dw_throughput),sum(l4_ul_packets),sum(l4_dw_packets)
1760350.4238471214,22993515.385551713,38462.220937464066,16981.80752239677,302286304489970,3948432481949586,6604709194351,2916105662807
