avg(l4_ul_throughput),avg(l4_dw_throughput),avg(l4_ul_packets),avg(l4_dw_packets),sum(l4_ul_throughput),sum(l4_dw_throughput),sum(l4_ul_packets),sum(l4_dw_packets)
2786229.307450089,36542770.120292224,60985.77960437139,26913.827361374162,300949036337734,3947094886772986,6587258110151,2907043719233
