prot_category,avg(l4_ul_throughput),avg(l4_dw_throughput),avg(l4_ul_packets),avg(l4_dw_packets),sum(l4_ul_throughput),sum(l4_dw_throughput),sum(l4_ul_packets),sum(l4_dw_packets)
2,14152.456705450091,14152.456705450091,250.3282914880588,236.63557868952847,30275359958,30275359958,535509791,506217929
4,8621928.502214683,113798807.44541799,188552.65520717227,82884.86124545675,298894671000576,3945040497948816,6536517187536,2873352907824
6,28428.8904921207,28429.11921899918,662.2746433343391,423.14968519261436,2023587415728,2023603696660,47141151512,30120077256
9,19094.28085106383,19368.068085106384,116423.30212765957,116432.98723404255,502561472,509767552,3064261312,3064516224
