prot_category,avg(l4_ul_throughput),avg(l4_dw_throughput),avg(l4_ul_packets),avg(l4_dw_packets),sum(l4_ul_throughput),sum(l4_dw_throughput),sum(l4_ul_packets),sum(l4_dw_packets)
2,14152.456705450091,14152.456705450091,250.3282914880588,236.63557868952847,231109618,231109618,4087861,3864259
4,8621928.502214683,113798807.44541799,188552.65520717227,82884.86124545675,889567473216,11741191958181,19453920201,8551645559
6,28428.8904921207,28429.11921899918,662.2746433343391,423.14968519261436,8574522948,8574591935,199750642,127627446
9,19094.28085106383,19368.068085106384,116423.30212765957,116432.98723404255,8974312,9102992,54718952,54723504
17,20991.12017011045,20996.253476928385,273.92995558026894,142.24547725789574,16308148198,16312136300,212818100,110511507
