avg(l4_ul_throughput),avg(l4_dw_throughput),avg(l4_ul_packets),avg(l4_dw_packets),sum(l4_ul_throughput),sum(l4_dw_throughput),sum(l4_ul_packets),sum(l4_dw_packets)
8121629.699278461,107185446.87674205,177608.1989099884,78081.20369822554,298924946360534,3945070773308774,6537052697327,2873859125753
