avg(l4_ul_throughput),avg(l4_dw_throughput),avg(l4_ul_packets),avg(l4_dw_packets),sum(l4_ul_throughput),sum(l4_dw_throughput),sum(l4_ul_packets),sum(l4_dw_packets)
32084.1967547041,24783.877649309023,523.2858907758475,368.7086006636248,3451600753910,2666236322922,56294816695,39665474369
