avg(l4_ul_throughput),avg(l4_dw_throughput),avg(l4_ul_packets),avg(l4_dw_packets),sum(l4_ul_throughput),sum(l4_dw_throughput),sum(l4_ul_packets),sum(l4_dw_packets)
27958.346738679626,23375.145893682748,430.54289189929534,284.48012948998,4788868906146,4003831499522,73745900895,48727417943
