avg(l4_ul_throughput),avg(l4_dw_throughput),avg(l4_ul_packets),avg(l4_dw_packets),sum(l4_ul_throughput),sum(l4_dw_throughput),sum(l4_ul_packets),sum(l4_dw_packets)
39232.43119682139,17655.325493495693,251.48262266792437,262.2448442665607,1428013338182,642632626262,9153665183,9545397113
