prot_category,avg(l4_ul_throughput),avg(l4_dw_throughput),avg(l4_ul_packets),avg(l4_dw_packets),sum(l4_ul_throughput),sum(l4_dw_throughput),sum(l4_ul_packets),sum(l4_dw_packets)
2,6797948.368929976,6797948.368929976,6724.334865899147,4979.76340123959,3.110948506221066e+19,3.110948506221066e+19,3.077260722074582e+16,2.2788916116553424e+16
4,2.793482540410899e+18,5.138667088130318e+20,1407936950937851.0,271052083289718.94,3.357171063919845e+33,6.175583418126826e+35,1.692040355769265e+30,3.257468760486998e+29
6,485249168.40844,485814180.5363548,261478.25319068928,355380.4027777715,2.4586058944688904e+24,2.461468634353008e+24,1.324828596159375e+21,1.8006014434067405e+21
9,69484353.72544354,69942543.95706493,360621973.4323296,360742918.8845971,4.81347579622127e+16,4.845216576292266e+16,2.4981813136824826e+17,2.4990191541112112e+17
17,167987373.75336868,169003898.20120078,66114.03381948071,71138.60458567081,6.817771071739634e+23,6.859026737682248e+23,2.683239443175309e+20,2.8871617526456212e+20
