r_movieid,avg(rating),sum(rating)
1,3.928867924528302,11869110.0
6,3.8090953906827707,5779609.0
10,3.432364033346566,5948534.0
21,3.586394176931691,7270015.5
32,3.876726377683577,11453602.0
34,3.7083112758073056,8195850.0
39,3.435319377348363,5952000.0
47,4.032088509887525,12011821.5
50,4.367460262372457,11388882.0
95,3.114729645742697,4861252.0
