prot_category,avg(l4_ul_throughput),avg(l4_dw_throughput),avg(l4_ul_packets),avg(l4_dw_packets),sum(l4_ul_throughput),sum(l4_dw_throughput),sum(l4_ul_packets),sum(l4_dw_packets)
2,17447.95575174174,17447.95575174174,291.12902196458015,269.940647768973,42977682472,42977682472,717106969,664915914
4,125889.8697873882,38082.99882467426,675.3248532949141,19642.594259066573,10040978028480,3037500595584,53863921104,1566706832208
6,21733.1985701107,21740.953647049224,498.63648848223175,302.72956725740727,9807617367324,9811117028316,225021451336,136613842268
9,16591.174687691993,16747.42862994061,13714.146016792954,13722.473274626254,4536823536,4579550864,3750105800,3752382872
17,23015.780183910927,22802.739929904154,270.89571287139694,194.08961214091465,6296558128828,6238275492636,74110483734,53098201116
