a_relationship,sum(a_age),avg(a_age),sum(a_hours_per_week),avg(a_hours_per_week),sum(a_fnlwgt),avg(a_fnlwgt)
 Husband,67336778711,38.55529536675181,68899110194.66052,39.449845907576346,310572167983047.9,177825.57910396133
 Not-in-family,41827073623,38.594967338244,42810427388.835144,39.50233434212345,191808644855494.4,176987.00248826272
 Other-relative,5037094237,38.68345097940795,5141772942.145597,39.48735365991435,22869586720519.445,175631.92094445086
 Own-child,25797235202,38.54940237053874,26454626717.270584,39.53175764383482,118612573522643.98,177245.49887326773
 Unmarried,17331498534,38.45193116390455,17819579495.676464,39.534795147303235,79477737836955.1,176330.54051120914
 Wife,7997160861,38.65183721797589,8207121739.898968,39.666619070485886,36446539396432.31,176153.22892645848
