a_relationship,sum(a_age),avg(a_age),sum(a_hours_per_week),avg(a_hours_per_week),sum(a_fnlwgt),avg(a_fnlwgt)
 Husband,87370070065,38.573789142069934,89423750935.97942,39.480486971467656,403039889506702.4,177941.66471548544
 Not-in-family,54595659351,38.58864053977841,55930158869.30258,39.531875273536464,250236539500460.38,176869.15017584557
 Other-relative,6625596621,38.74937827323077,6787215589.8165245,39.69459648029025,30053448855758.793,175765.67435993804
 Own-child,33582483407,38.58694230004485,34394168467.45831,39.51958460091724,154254839485714.0,177241.88287687005
 Unmarried,22589581214,38.53803437828703,23165964367.031086,39.52134936567648,103401686055605.38,176404.23229776844
 Wife,10373880746,38.639937333599875,10656937777.957403,39.69424923909253,47409213397508.31,176586.66795657272
